time,seconds_elapsed,z,y,x
1782853713974616000,0.079615966796875,2.1507278348356484,0.2067379397280514,-0.05149166577365249
1782853713984601300,0.089601318359375,2.4628029026955365,0.058871583424508565,-0.09496091474182904
1782853713994585000,0.099585205078125,2.8448604383200404,-0.15942995284721254,-0.13718465716093778
1782853714004570400,0.1095703125,2.9659137526303527,-0.3974605642005801,0.0353611631732434
1782853714014555100,0.11955517578125,2.9181740963339804,-0.4876239424675703,0.1887644761420786
1782853714024539100,0.1295390625,2.956774752885103,-0.5228470854096114,0.1207448785488028
1782853714034524200,0.139524169921875,3.0784388925701376,-0.5989816460631787,-0.08487336383378133
1782853714044508200,0.149508056640625,3.0413129847466944,-0.7373134274326264,-0.15710326346531509
1782853714054493200,0.1594931640625,2.7307962522447107,-1.0766603869691491,0.02579167218939401
1782853714064478200,0.169478271484375,2.3185089980512856,-1.3346812085583806,0.10739595122463069
1782853714074462200,0.179462158203125,2.183039620375633,-1.2397180287942289,-0.10498046931442805
1782853714084447200,0.189447265625,2.3035089973181484,-1.0979361069709062,-0.3910930749952793
1782853714094432000,0.199431884765625,2.3521488173246383,-1.0777866145201027,-0.49178763801828024
1782853714104416300,0.209416259765625,2.1533441548138854,-1.0276086251609027,-0.45367622628882526
1782853714114401000,0.219401123046875,1.7062223186045884,-0.8935806784652173,-0.38733069025445727
1782853714124385000,0.229385009765625,1.3966291306883096,-0.8138523311033844,-0.3135335595725104
1782853714134370000,0.2393701171875,1.207733283251524,-0.8711270007252693,-0.24059107295852153
1782853714144355000,0.24935498046875,0.9509066398829221,-0.968547072122246,-0.21453955338969827
1782853714154339000,0.259339111328125,0.6799678845316172,-0.9840652515105902,-0.21041313937576486
1782853714164324000,0.269323974609375,0.4461626357883215,-1.033054031085223,-0.06794714884499553
1782853714174308000,0.27930810546875,0.2709264803916216,-1.0220628276020287,0.042182981150457634
1782853714184293000,0.289293212890625,0.24415654688775537,-0.9297304347328841,-0.008612491653114557
1782853714194278100,0.299278076171875,0.33833938992917534,-0.888770501704514,-0.1171049420107156
1782853714204262100,0.30926220703125,0.24226737214028835,-0.8559826230853795,-0.22786457011532038
1782853714214247200,0.3192470703125,-0.013341127610206603,-0.8614309516191482,-0.21355313616823404
1782853714224231200,0.329231201171875,-0.27213468713760375,-0.9289185338281094,0.01020228159520775
1782853714234216200,0.33921630859375,-0.6342407371014356,-1.0173748159162699,0.29236831420790405
1782853714244201200,0.349201171875,-1.1145885510861873,-0.9583788754597306,0.45291517878845333
1782853714254185200,0.359185302734375,-1.4333295065760612,-0.7372618433758616,0.5295987516269087
1782853714264170200,0.369170166015625,-1.6805770052164792,-0.4858898121513426,0.5150102908367291
1782853714274155300,0.3791552734375,-2.0012509745955467,-0.2280713812664151,0.35206787288915364
1782853714284139300,0.38913916015625,-2.185005952012539,-0.07863266107961535,0.1279894337164238
1782853714294124000,0.3991240234375,-2.428808863157034,-0.08964534574225544,-0.04200330460146069
1782853714304108000,0.40910791015625,-2.7239374723911283,-0.146946611110121,-0.17781393346283583
1782853714314093000,0.419093017578125,-3.0110955411374567,-0.15185732563585042,-0.2596654469911009
1782853714324078000,0.429078125,-3.236499456760287,-0.16392068839520216,-0.23627649769503623
1782853714334062000,0.43906201171875,-3.397399628290534,-0.33297157928571103,0.004676777905691415
1782853714344047000,0.449047119140625,-3.458614267709851,-0.5992037643812597,0.28186323200752955
1782853714354031000,0.459031005859375,-3.352370399996638,-0.586217149297148,0.3275065188128501
1782853714364016000,0.46901611328125,-3.024258389571309,-0.30710590114519,0.314388422836177
1782853714374001200,0.479001220703125,-2.5882699417948722,-0.018230799347907303,0.3379014003707096
1782853714383985200,0.488985107421875,-2.1229911021262406,0.12877894012629984,0.3529864855714142
1782853714393970200,0.49897021484375,-1.7214906148850917,0.18632161303460598,0.33812801220081745
1782853714403954200,0.5089541015625,-1.5407155300617217,0.21623926997967063,0.37899829418435693
1782853714413939200,0.518939208984375,-1.434196937060356,0.1937134037863463,0.4691766508247703
1782853714423924200,0.52892431640625,-1.2363619963645935,0.0764072401151061,0.45987544625513255
1782853714433908200,0.538908203125,-1.0919494337767361,-0.07173756780363619,0.41715548128429797
1782853714443893200,0.548893310546875,-1.0110025044053792,-0.16150106003284453,0.3820990366786718
1782853714453878300,0.558878173828125,-0.9514584285467863,-0.1814814795270562,0.3759265585888177
1782853714463862300,0.5688623046875,-0.770068426695466,-0.17522022717520594,0.35574119110703467
1782853714473847000,0.578846923828125,-0.37923897107243537,-0.24645298726186154,0.32258568475190547
1782853714483831000,0.5888310546875,-0.04244797962903976,-0.3438517966751009,0.2670486343112774
1782853714493816000,0.598816162109375,0.2915682864040136,-0.3503928888816386,0.22406998187163843
1782853714503801000,0.608801025390625,0.8271756307959556,-0.23892646421454847,0.15225945842964575
1782853714513785000,0.61878515625,1.3084803071141242,-0.13523600731119512,0.10856483974037691
1782853714523770000,0.62877001953125,1.6583377008795737,-0.0830224935363978,0.06562108508418314
1782853714533754000,0.638754150390625,1.88397308717072,-0.11583689483627677,0.06938372555333189
1782853714543739100,0.6487392578125,2.0902321573406457,-0.24496494066119193,0.16115155247543006
1782853714553724200,0.65872412109375,2.3541759392380714,-0.3633291620180011,0.25429420228153465
1782853714563708200,0.668708251953125,2.5395441970705983,-0.41907910629063844,0.3169091004202142
1782853714573693000,0.67869287109375,2.6842215480744835,-0.400472240171954,0.37318599117640405
1782853714583678200,0.68867822265625,2.844436075428128,-0.3773090259231627,0.38021987186856565
1782853714593662200,0.698662109375,2.93350552097857,-0.3336190103437751,0.34723245208933945
1782853714603647200,0.708647216796875,2.928082911407947,-0.33249154068380593,0.3816607913918793
1782853714613631200,0.71863134765625,2.823497332295775,-0.3918832024596631,0.49893396610897034
1782853714623616300,0.7286162109375,2.7511609948813915,-0.40765133802108466,0.47946474753990764
1782853714633601300,0.738601318359375,2.6258921087026597,-0.40455074165724214,0.31769148296955974
1782853714643585300,0.748585205078125,2.4934394484996796,-0.38948870853856205,0.16090830003777518
1782853714653570000,0.758570068359375,2.349376430001855,-0.38526889888644217,0.09911299291998148
1782853714663554300,0.76855419921875,2.107071063938737,-0.401189302400127,0.12030311699751764
1782853714673539000,0.7785390625,1.9020698848754167,-0.39316893142126497,0.1356061740641482
1782853714683524000,0.788524169921875,1.7544477125912903,-0.32358196578025816,0.14604149723025037
1782853714693508000,0.798508056640625,1.6450146934479475,-0.2610749484628439,0.19680420940853655
1782853714703493000,0.8084931640625,1.4293027352780103,-0.2720494200069457,0.2751106524747796
1782853714713477000,0.81847705078125,1.0770394494146107,-0.3352997299723327,0.47505635651312766
1782853714723462100,0.828462158203125,0.6525234127670526,-0.4054952559657395,0.6227641612540931
1782853714733447200,0.838447265625,0.31037703177034853,-0.4466947699036449,0.6189627962097525
1782853714743431200,0.84843115234375,0.04411152892708778,-0.4421202285297215,0.5407780250281096
1782853714753416000,0.858416015625,-0.1532061098963022,-0.4170047842346132,0.452160926355049
1782853714763401000,0.86840087890625,-0.3186883485198021,-0.3375149218037724,0.4070286395454779
1782853714773385000,0.878385009765625,-0.5192179351270199,-0.21897563614100216,0.4543044046571478
1782853714783370200,0.888370361328125,-0.8556769181370735,-0.165156513800472,0.5550931122370064
1782853714793354000,0.89835400390625,-1.3175795593708752,-0.1277012278921902,0.5029426537610591
1782853714803339300,0.90833935546875,-1.7163310401648282,0.06377981373220681,0.3090066567325964
1782853714813324300,0.91832421875,-1.9634780010402202,0.42895694170445203,0.13762326777391135
1782853714823308300,0.928308349609375,-2.3286329171806575,0.7585578755132854,-0.17954205416338517
1782853714833293300,0.938293212890625,-2.695453720706701,0.8945271655350923,-0.5183368049109355
1782853714843277300,0.94827734375,-2.9852286939531565,0.8980443068105727,-0.7205353111110627
1782853714853262000,0.958261962890625,-3.3406986669033762,0.7704587411873042,-0.6066855715040117
1782853714863247000,0.9682470703125,-3.6194238383471964,0.5616490366864949,-0.382330945738405
1782853714873231000,0.978231201171875,-3.7471751889914273,0.4715848079450428,-0.38998756143879143
1782853714883216100,0.988216064453125,-3.771325295385718,0.5218074401635676,-0.43962150704916564
1782853714893200100,0.9982001953125,-3.8181642034500833,0.5824768667902797,-0.5195097576804458
1782853714903185200,1.00818505859375,-3.591972936841845,0.6958760861508548,-0.5755295318704098
1782853714913170200,1.018170166015625,-3.5244910537213086,0.8538502872318029,-0.604597549716197
1782853714923154200,1.028154296875,-3.4253637400150296,0.9293735110539942,-0.5551615012980997
1782853714933139200,1.03813916015625,-3.164913645452261,0.8322530071254819,-0.4392797078741714
1782853714943124000,1.0481240234375,-2.9156951389998196,0.7819094519410282,-0.38489889653027054
1782853714953108000,1.05810791015625,-2.6373399699121713,0.9702269880332052,-0.40606823354810473
1782853714963093000,1.068093017578125,-2.340539628073573,1.1893680438689886,-0.5460108476476744
1782853714973077000,1.078076904296875,-1.9563702148616313,1.2608667614154516,-0.7974187173705548
1782853714983062300,1.088062255859375,-1.5261059899508953,1.240316579209268,-1.098533561407402
1782853714993047300,1.09804736328125,-1.1243360381186007,1.1494524322617798,-1.2535239974372088
1782853715003031300,1.10803125,-0.6693623193651438,1.0098048921186475,-1.314965577480197
1782853715013016300,1.118016357421875,-0.18745850811004638,0.8847021562870592,-1.3634808943241834
1782853715023000300,1.128000244140625,0.35656828958094117,0.802445459491387,-1.45269968521744
1782853715032985000,1.137985107421875,0.8180272787004709,0.7520688788201659,-1.5172792710252105
1782853715042970000,1.14797021484375,1.1556775173217058,0.618128391212225,-1.4503991531901061
1782853715052954000,1.1579541015625,1.6112988863289355,0.39261188206039366,-1.2612854252189396
1782853715062939100,1.167939208984375,2.021153360417485,0.1769922052837908,-1.0258617814935742
1782853715072923100,1.177923095703125,2.234998940193653,0.023729689025133848,-0.8658384658630937
1782853715082908200,1.187908203125,2.3931144494414327,-0.08881853952929376,-0.7001900768924504
1782853715092893200,1.19789306640625,2.5345307528227567,-0.17924137245006858,-0.6084981008186936
1782853715102877200,1.207877197265625,2.623886029577255,-0.24123817522302268,-0.5915279690563678
1782853715112862200,1.2178623046875,2.749724240076542,-0.3126047177571803,-0.5801544151920824
1782853715122847000,1.227846923828125,2.787507150503993,-0.4166030715659261,-0.5673979190694168
1782853715132831000,1.2378310546875,2.72479204339385,-0.5568607064314186,-0.5209726333072409
1782853715142816000,1.24781591796875,2.665086639493704,-0.726638523356989,-0.4500829875698313
1782853715152800000,1.257800048828125,2.5287492468118664,-0.8985125088442116,-0.34185134357288477
1782853715162785000,1.267784912109375,2.392679565155506,-1.0227476680610328,-0.26972114145616066
1782853715172770300,1.277770263671875,2.2679782497316596,-1.0942177440349012,-0.2699734539831057
1782853715182754000,1.287754150390625,2.195774014264345,-1.0707288780283182,-0.3105441684981808
1782853715192739300,1.2977392578125,2.19076699975729,-1.0047229857444762,-0.3174957046691328
1782853715202723300,1.307723388671875,2.0217752917081118,-0.9754762868635356,-0.2829567445989698
1782853715212708400,1.317708251953125,1.8067501467585563,-0.9487802223134786,-0.31052645017839964
1782853715222693000,1.327693115234375,1.8146107971310614,-0.8716514629907905,-0.35835531912818547
1782853715232677000,1.337677001953125,1.7283844660520553,-0.8602765208870172,-0.25836137865521014
1782853715242662100,1.347662109375,1.5025760612815617,-0.8757149861026555,-0.2658329383785836
1782853715252646100,1.357646240234375,1.478395559749007,-0.8954062133919447,-0.315440598770231
1782853715262631200,1.367631103515625,1.4216022439032792,-0.9156830585494637,-0.39440406270679085
1782853715272616200,1.3776162109375,1.2703028444111346,-0.9642260671179741,-0.5429360067795962
1782853715282600200,1.38760009765625,1.1463006171673535,-1.0620888407811522,-0.6297078429121524
1782853715292585200,1.397585205078125,0.852533359414339,-1.2381770829625427,-0.5484731826405972
1782853715302570000,1.407570068359375,0.33530630584359167,-1.3733803570479153,-0.3257677853867411
1782853715312554200,1.41755419921875,-0.1876145754545927,-1.5132181590661407,-0.15212945710811762
1782853715322539000,1.4275390625,-0.48818274539411066,-1.5845292450860142,-0.1805546104731038
1782853715332523000,1.43752294921875,-0.5823042136371135,-1.5930962901622057,-0.32290680646505204
1782853715342508000,1.447508056640625,-0.7159966447681189,-1.4394707858100533,-0.45083143131695685
1782853715352493000,1.4574931640625,-1.0015817651093006,-1.1683805662240832,-0.5012927311295643
1782853715362477000,1.46747705078125,-1.1577999163031578,-0.886878550478071,-0.44326698741205034
1782853715372466200,1.477466064453125,-1.3190373569637537,-0.5498479050599038,-0.3151232764493674
1782853715382450200,1.4874501953125,-1.701737866666913,-0.3786898127570748,-0.19409918823353944
1782853715392435200,1.497435302734375,-2.2918138833492994,-0.3999975353322923,-0.017827333113551138
1782853715402420000,1.507419921875,-2.769386971923709,-0.4727382157638669,0.15639292323887347
1782853715412404000,1.517404052734375,-3.034440760889649,-0.4505792831867933,0.17148286727778614
1782853715422389000,1.527388916015625,-3.005231617540121,-0.23528160490617156,0.03164338475912809
1782853715432373000,1.537373046875,-3.005604542505741,0.09635653381869197,-0.12822948954999447
1782853715442358000,1.54735791015625,-3.2588895677447316,0.4005779655687511,-0.21838680340237915
1782853715452343000,1.557343017578125,-3.5472932526379823,0.4731138441432267,-0.23355909196250138
1782853715462327000,1.5673271484375,-3.6441011834859847,0.39735958804413674,-0.17848507419005036
1782853715472312000,1.57731201171875,-3.6848622329413887,0.41601314284875984,-0.04064257417488843
1782853715482296000,1.587296142578125,-3.669208736735582,0.4595039825942367,0.25459007995557037
1782853715492281000,1.597281005859375,-3.4333290198057886,0.4877233842540532,0.5124866175780073
1782853715502265900,1.607265869140625,-3.0630718120902776,0.6690827717714011,0.5592994778856635
1782853715512249900,1.617249755859375,-2.8357231921404598,1.045352517774701,0.5174423768218607
1782853715522235000,1.62723486328125,-2.735482948756218,1.2504581801258028,0.5304007887247949
1782853715532219000,1.637218994140625,-2.5628601907283066,1.194504018517956,0.46460463020149617
1782853715542204200,1.6472041015625,-2.205211120173335,1.0503447000388055,0.36593627577647564
1782853715552189200,1.657189208984375,-1.80599728256464,0.9008532267514616,0.31780385730285193
1782853715562173200,1.667173095703125,-1.4455097737133502,0.8089575447991489,0.3146535035131499
1782853715572158200,1.677158203125,-0.9954472078770399,0.7506832696806639,0.2597194056680426
1782853715582143000,1.68714306640625,-0.5633657044112682,0.5807234472516923,0.26623985694535074
1782853715592127000,1.697126953125,-0.1414735865265131,0.4679277467422187,0.23064521380979566
1782853715602112000,1.707112060546875,0.33870471611022945,0.4559419061984867,0.20483170424792915
1782853715612096000,1.717095947265625,0.8263520394533872,0.5049417916890233,0.222902235000208
1782853715622081000,1.7270810546875,1.2169085233539343,0.5173066946782171,0.28173863751348105
1782853715632066000,1.737066162109375,1.4959101736515759,0.509674446234107,0.362202788336575
1782853715642050000,1.747050048828125,1.6791969490349292,0.44293746319673954,0.42439211800694465
1782853715652035000,1.75703515625,1.9184709845781325,0.3616416473224759,0.4466523920666426
1782853715662019000,1.76701904296875,2.201235202279687,0.2776559347771108,0.4669399778138846
1782853715672004000,1.777004150390625,2.482039518085122,0.20457725456282494,0.43839105193875727
1782853715681988900,1.78698876953125,2.7468454697698355,0.15721490714624523,0.37814803403057157
1782853715691972900,1.796972900390625,2.9301287380218506,0.1298905546300113,0.34339773276466873
1782853715701958000,1.8069580078125,3.123487410086393,0.11434870210513472,0.28301651196219024
1782853715711942000,1.81694189453125,3.3130759159624574,0.10520298035815358,0.2181144162017852
1782853715721927000,1.826927001953125,3.4188761315613982,0.08765651001259685,0.16752163549661636
1782853715731912200,1.836912109375,3.4392841288179157,0.009464286176860333,0.18036602909844368
1782853715741896000,1.84689599609375,3.343718891507387,-0.05984941548071801,0.20396474868766962
1782853715751881200,1.856881103515625,3.214271842861175,-0.10927746325545012,0.2232560168739408
1782853715761866000,1.866865966796875,3.1453187181442974,-0.13412768074311315,0.22529439083375036
1782853715771850000,1.87685009765625,2.9601655643671747,-0.13200257834792137,0.18010536886826156
1782853715781835000,1.8868349609375,2.7514222761660814,-0.08372823065295815,0.13073993800096212
1782853715791819000,1.896819091796875,2.509505617159605,-0.017199264343082905,0.08184380514584481
1782853715801804000,1.906803955078125,2.2494237713873386,0.014171587084978818,0.07467533828858286
1782853715811789000,1.9167890625,1.9634364999860523,0.02059533652216196,0.10848317107260226
1782853715821773000,1.92677294921875,1.645395801720023,0.013494126214832067,0.17347455255165695
1782853715831758000,1.936758056640625,1.362120127364993,-0.0004969897367060184,0.26356625382192433
1782853715841742000,1.9467421875,1.022823290580511,-0.012409838109463453,0.3455720445964485
1782853715851727000,1.95672705078125,0.6265291398108005,0.0005107260011136532,0.4600750970130786
1782853715861712000,1.9667119140625,0.21266367651522158,0.030090017837285994,0.48515989044159646
1782853715871696000,1.97669580078125,-0.11996376550793647,0.11915420269072055,0.5191190778624266
1782853715881681000,1.986680908203125,-0.43150691844820976,0.2571067754842341,0.5492699590414762
1782853715891665000,1.996664794921875,-0.6842290491074323,0.4089074024967849,0.5502082993375137
1782853715901650000,2.00664990234375,-0.9626736500442028,0.547314879450947,0.48052967335768043
1782853715911635000,2.016635009765625,-1.3270493985056877,0.710817196303606,0.3270692233741283
1782853715921619000,2.026618896484375,-1.686881073796749,0.9036321168802678,0.1819779760734178
1782853715931604000,2.03660400390625,-1.9132231470525263,1.1229285094082355,0.07612062345976009
1782853715941588000,2.046587890625,-2.1692729608297348,1.3022785298645496,-0.04780908653708175
1782853715951573200,2.0565732421875,-2.6068033773511647,1.302811029306054,-0.13049463973669334
1782853715961558000,2.06655810546875,-3.012680179980397,1.1243502127744256,-0.1781281139785424
1782853715971542000,2.0765419921875,-3.3430408461153505,0.8986410305947065,-0.1897330654459074
1782853715981527000,2.086527099609375,-3.700319329792261,0.6019027942068874,-0.23710832714298738
1782853715991512000,2.096511962890625,-3.958748732182383,0.39600663906522093,-0.4241668213510886
1782853716001496000,2.10649609375,-4.120736698949337,0.2872359562881291,-0.6511049973364919
1782853716011481000,2.116481201171875,-4.205456132596731,0.13894582161456345,-0.7737431696854531
1782853716021465000,2.126465087890625,-4.1774563650369645,-0.10663067507371306,-0.7823379795514047
1782853716031450000,2.1364501953125,-4.1992461720407,-0.375319459541142,-0.6792713536348194
1782853716041435000,2.146434814453125,-4.106185026505589,-0.4883369861077517,-0.49635271744411436
1782853716051419100,2.156419189453125,-3.821496562743187,-0.43335963364280755,-0.3141432889686897
1782853716061404000,2.16640380859375,-3.5471973910480736,-0.3657446987271309,-0.2567749679802917
1782853716071388000,2.176387939453125,-3.213918207117915,-0.2502162853181362,-0.28873839674033225
1782853716081373000,2.186373046875,-2.7717332427889105,-0.03187112910039723,-0.3869811826970428
1782853716091358000,2.19635791015625,-2.317906355983019,0.21814919525422155,-0.5463348554376513
1782853716101342000,2.206342041015625,-1.872889383098483,0.3635608518820256,-0.6794433492008596
1782853716111327000,2.216326904296875,-1.4140367770850657,0.31839316496551034,-0.7524237566724419
1782853716121311000,2.22631103515625,-0.9375047219961881,0.13631174678392707,-0.7036684935927391
1782853716131296000,2.2362958984375,-0.5304606291532517,-0.00026281565465033054,-0.6158201873350888
1782853716141281000,2.246281005859375,-0.09030570934712887,-0.07189034721255302,-0.5842168423254043
1782853716151265000,2.25626513671875,0.38396307698488236,-0.13827676324658095,-0.5729576355557888
1782853716161250000,2.26625,0.8844359796315431,-0.18006971303299069,-0.5321482534466311
1782853716171234000,2.276234130859375,1.3334049050122498,-0.2033833686031401,-0.4514961057707667
1782853716181219000,2.286218994140625,1.6914947050720452,-0.23508447489887474,-0.30559418140798805
1782853716191204000,2.2962041015625,1.9813813219994305,-0.2902889871831983,-0.17166412386251612
1782853716201188000,2.30618798828125,2.216763026279211,-0.3318635449785739,-0.08368268361133523
1782853716211173000,2.316173095703125,2.5136913784116506,-0.35663908979482944,-0.028688567241257987
1782853716221157000,2.3261572265625,2.859551811495423,-0.3748047880172729,0.017227394459024072
1782853716231142100,2.33614208984375,3.0613696843475102,-0.39765396788083013,0.058409062212985
1782853716241127000,2.346126953125,3.1320728676021097,-0.44716077998019754,0.07227547407262026
1782853716251111000,2.35611083984375,3.1733781069368123,-0.47864904724285,0.07292654012618587
1782853716261096000,2.366095947265625,3.2352082479059696,-0.4874445673126727,0.08763950407886877
1782853716271080000,2.376079833984375,3.275502264371514,-0.5212717258516699,0.09178992002289742
1782853716281065000,2.38606494140625,3.24117504735589,-0.590880976389721,0.1078231362612918
1782853716291050000,2.396050048828125,3.155668262723088,-0.7091889375146478,0.14703282808884977
1782853716301034000,2.406033935546875,3.0256109732240435,-0.7898024702131747,0.15226196091398597
1782853716311019000,2.41601904296875,2.8400854790031906,-0.804198805964738,0.20338435498382895
1782853716321004000,2.426004150390625,2.508940384492278,-0.7876794136445969,0.2595595754638314
1782853716330988000,2.435988037109375,2.1723937231987716,-0.7219503655407578,0.2558658355124295
1782853716340973000,2.44597314453125,1.959444215479493,-0.6445591558896004,0.20247949683228506
1782853716350956800,2.455956787109375,1.7025567818343639,-0.5583342130500822,0.1415006937291473
1782853716360942000,2.465942138671875,1.3981705149114132,-0.49481560753732917,0.1729558259071782
1782853716370923500,2.475923583984375,1.1316659426152706,-0.4750625670582056,0.2431157691305503
1782853716380907500,2.485907470703125,0.8970353489637375,-0.5066068753570317,0.3456165047926828
1782853716390892500,2.495892578125,0.6343430284321308,-0.5973643470596521,0.46980672888923436
1782853716400876500,2.50587646484375,0.30667993081808087,-0.666680313739553,0.5217759490467607
1782853716410861600,2.515861572265625,0.0038882396101951595,-0.6939616308316588,0.5356995892526581
1782853716420846600,2.5258466796875,-0.29104338574707506,-0.6894249372500926,0.5445906421188265
1782853716430830600,2.53583056640625,-0.5426520022064447,-0.5931056667018682,0.481151275854744
1782853716440815600,2.545815673828125,-0.6304015973299741,-0.47053595647923646,0.3752690810607746
1782853716450799600,2.555799560546875,-0.6398048009693622,-0.3602052578438073,0.2762488444581628
1782853716460784600,2.56578466796875,-0.6569131721585989,-0.2872411439199,0.2650043968662619
1782853716470769700,2.575769775390625,-0.7289017190486192,-0.24574272010065615,0.3199958509217948
1782853716480753700,2.585753662109375,-0.8555787184596061,-0.2311673014551401,0.35976186145786193
1782853716490738700,2.59573876953125,-1.0596417398899793,-0.23039017960280178,0.4014248281890526
1782853716500722700,2.60572265625,-1.2775555920183659,-0.1985571174904704,0.5389843830769881
1782853716510707700,2.615707763671875,-1.4972563275635242,-0.35575595028474927,0.6947623527552932
1782853716520692500,2.6256923828125,-1.712463258820772,-0.5891914889328181,0.8029401842057704
1782853716530676500,2.635676513671875,-1.880524408021569,-0.6326387087322771,0.9341178560368716
1782853716540661500,2.64566162109375,-2.004631264683604,-0.49075566462203857,0.9580302081525325
1782853716550645500,2.6556455078125,-1.9478116453528402,-0.266221225310117,0.8206376073293388
1782853716560630500,2.665630615234375,-1.8945061716228722,-0.05146101490706205,0.606669716347754
1782853716570615600,2.675615478515625,-1.9820038378119467,0.04275222327262163,0.3837761030454188
1782853716580599600,2.685599609375,-2.080775762209296,0.03424129229784011,0.18169059223309159
1782853716590584600,2.69558447265625,-2.189372915050387,-0.07375584882348775,0.1641086121827364
1782853716600568600,2.705568603515625,-2.416098434665799,-0.3218498812906444,0.3580339782193303
1782853716610553600,2.7155537109375,-2.68900293713212,-0.5305076831653713,0.6009869214709848
1782853716620538600,2.72553857421875,-2.7850422216951847,-0.6023935003332793,0.7643038718193769
1782853716630522400,2.7355224609375,-2.6259926464676857,-0.4703108424864709,0.8103232801944017
1782853716640507600,2.745507568359375,-2.4244921690016983,-0.18179032628051936,0.783497378719598
1782853716650491600,2.75549169921875,-2.1374784771621225,0.207803157806769,0.6809766231827438
1782853716660476700,2.7654765625,-1.7790782959789038,0.6075980101738124,0.5171889865826815
1782853716670461700,2.775461669921875,-1.4172574926972388,0.789984841042757,0.4315282534971833
1782853716680445700,2.78544580078125,-1.1327496461987494,0.7241160191420465,0.42238275094591077
1782853716690430700,2.7954306640625,-1.0068529835104942,0.5013005856424569,0.42693515355326234
1782853716700414700,2.805414794921875,-0.7891951519697904,0.26325806465558704,0.4287023093562573
1782853716710399700,2.815399658203125,-0.5287801287204027,0.04849946168772876,0.49517180056385696
1782853716720384500,2.825384521484375,-0.2999930004000664,-0.11436368047855794,0.5469777564510703
1782853716730368500,2.835368408203125,-0.08677987330853938,-0.15087547499164938,0.5320974365748464
1782853716740353500,2.845353515625,0.23421032241284845,-0.05904138703346252,0.43815994659662244
1782853716750337500,2.855337646484375,0.5303022237211465,0.06646364598870277,0.2949143819615245
1782853716760322600,2.865322509765625,0.7184142273038625,0.18002368193417786,0.1244843482049182
1782853716770307600,2.8753076171875,0.9318810368955135,0.29967648179680106,0.05370426378920674
1782853716780291600,2.88529150390625,1.1056944660127161,0.3858398306421935,0.07561915847733616
1782853716790276600,2.895276611328125,1.2726175510942934,0.3597271920032799,0.15687392995515836
1782853716800260600,2.905260498046875,1.404782042005658,0.21150376589037476,0.22408063112981616
1782853716810245600,2.91524560546875,1.5794097101151943,0.014582944364845751,0.25442544571207837
1782853716820230700,2.925230712890625,1.79223354562819,-0.018863252032548187,0.27492795285163446
1782853716830214400,2.93521435546875,2.052449831435084,0.12261157660298048,0.2783728874074295
1782853716840199700,2.94519970703125,2.28248725207746,0.35834896245263514,0.25442486119018864
1782853716850183700,2.95518359375,2.538765029391646,0.5450011226158589,0.16893610540442167
1782853716860168700,2.965168701171875,2.7449738306790588,0.627073402755335,0.026803689642995593
1782853716870153700,2.97515380859375,2.9261557427376506,0.6636372197166085,-0.05998045798186213
1782853716880137700,2.9851376953125,3.077424162569642,0.6642655076827854,-0.1297500501807779
1782853716890122800,2.995122802734375,3.2140333579301834,0.6972278660859912,-0.17686554669681936
1782853716900106800,3.005106689453125,3.2721050231486557,0.6951667688377201,-0.1469270661594346
1782853716910091500,3.015091552734375,3.157449885442853,0.7366523331753909,-0.10640976233202963
1782853716920076500,3.02507666015625,3.0321032578527927,0.6450688589774072,0.01577398078031838
1782853716930060500,3.035060546875,2.7875954133093357,0.535486056099832,0.14871994092557578
1782853716940045600,3.045045654296875,2.4394863245159386,0.4271944620765745,0.3633019817501306
1782853716950029600,3.055029541015625,2.028037859234214,0.3389505075648427,0.54118854205776
1782853716960014600,3.0650146484375,1.5801444541305303,0.31965617063865065,0.609314385637641
1782853716969999600,3.07499951171875,1.1244897673755883,0.28673092937543987,0.6520346794020384
1782853716979983600,3.084983642578125,0.576605709734559,0.19930545163974164,0.6391641649782657
1782853716989968600,3.09496875,0.08852233306169509,0.12408946713581681,0.6230895207509398
1782853716999952600,3.10495263671875,-0.3488186983674764,0.0974261358115822,0.6501588025275618
1782853717009937400,3.1149375,-0.6310726284593343,0.15926687123998998,0.7383079183626919
1782853717019922400,3.12492236328125,-0.8728186070740223,0.24364041405916212,0.8236277290560304
1782853717029906400,3.134906494140625,-1.2118196757823227,0.2638591723538935,0.8770189083080738
1782853717039891700,3.1448916015625,-1.5481103164881467,0.10470730579569935,0.9632005234625189
1782853717049875500,3.15487548828125,-1.8954846612662075,-0.05554477708935737,1.0447704801030457
1782853717059860700,3.16486083984375,-2.3002584710896015,-0.030937793773040175,0.9594162556834518
1782853717069845800,3.174845703125,-2.6136446215480564,0.08807115522809326,0.6674450145017355
1782853717079829800,3.184829833984375,-2.891876456516981,0.29636721111834047,0.3190956872116774
1782853717089814800,3.194814697265625,-3.168674459290504,0.5801461588203907,0.03965014733774587
1782853717099798800,3.204798828125,-3.340966377928853,0.8484976010922342,-0.1964428287502378
1782853717109783600,3.214783447265625,-3.378146646288037,1.011495183293149,-0.36069537944830954
1782853717119768600,3.2247685546875,-3.363257120192051,0.9572369388829917,-0.4163598373945802
1782853717129752600,3.234752685546875,-3.3417093052506446,0.6896595497235656,-0.43553507798574864
1782853717139737600,3.244737548828125,-3.242413649240136,0.4438082546819001,-0.4939165763383731
1782853717149721600,3.2547216796875,-2.9838574055999514,0.2983520282600075,-0.46973939927406605
1782853717159706600,3.26470654296875,-2.720892697867751,0.1423892400667071,-0.43064445639997717
1782853717169691600,3.274691650390625,-2.505232762145996,-0.21877587578520177,-0.4459906767548993
1782853717179675600,3.284675537109375,-2.3366800300359722,-0.6040642830897123,-0.28793734602313487
1782853717189660700,3.29466064453125,-2.2400918794184923,-0.8114462198097259,-0.0058074807023629545
1782853717199644700,3.304644775390625,-2.1236551189929247,-0.8317424272548407,0.13430252585336566
1782853717209629400,3.31462939453125,-1.9774001434087751,-0.6813700064145028,0.021109204328432676
1782853717219614500,3.324614501953125,-1.6950976980000734,-0.4230147652391344,-0.16719287846628575
1782853717229598500,3.334598388671875,-1.4261515777707099,-0.14173567152880132,-0.40055768996570257
1782853717239583500,3.34458349609375,-1.2438158195018767,0.06702968237362801,-0.67448404629305
1782853717249567500,3.3545673828125,-1.0520575683712958,0.09245892359195276,-0.9188847041349858
1782853717259552800,3.364552734375,-0.7787772183299064,-0.017708821300417184,-1.0860745503939688
1782853717269537800,3.374537841796875,-0.3852975404590368,-0.17041821545464916,-1.1120064256384967
1782853717279521800,3.384521728515625,-0.03132218998074531,-0.35631705476623027,-1.0485719912778586
1782853717289506600,3.394506591796875,0.32535306710600853,-0.5338303978472948,-0.8937192832183092
1782853717299490800,3.40449072265625,0.6111228963643313,-0.6169089324198663,-0.6921018283091485
1782853717309475600,3.4144755859375,0.9836398657053709,-0.5981234948638826,-0.5104780177019537
1782853717319460600,3.424460693359375,1.3817524640738963,-0.5532517952192575,-0.3747217128437012
1782853717329444600,3.434444580078125,1.675424444758892,-0.5546764942601323,-0.28700134381465614
1782853717339429600,3.4444296875,1.9578490552425383,-0.5497226347124203,-0.20965470395758748
1782853717349413600,3.45441357421875,2.1570815877765415,-0.6301592399414628,-0.10120156269706786
1782853717359398700,3.464398681640625,2.2602906178385016,-0.7505823665894568,-0.07375438751876354
1782853717369386500,3.474386474609375,2.326902732387185,-0.8358098228242248,-0.043352892579510804
1782853717379370500,3.48437060546875,2.3683926806390283,-0.9028836366005242,-0.010695070080831646
1782853717389355500,3.49435546875,2.4019769703328606,-0.9827896786168218,-0.04006283805817366
1782853717399339500,3.504339599609375,2.477180972138047,-1.020252709440142,-0.0630377631932497
1782853717409324300,3.51432421875,2.594807234609127,-1.0176563362713902,-0.09226626883037388
1782853717419309600,3.5243095703125,2.7232033128976822,-0.9919166956633328,-0.07567790292724967
1782853717429293600,3.53429345703125,2.7457781327992676,-0.9549854336291551,-0.07566160937957465
1782853717439278600,3.544278564453125,2.7457617661863565,-0.9092619394607842,-0.1594398897193372
1782853717449262600,3.5542626953125,2.8035335716754197,-0.8911752247586846,-0.21643362350799142
1782853717459247600,3.56424755859375,2.776430460694432,-0.8856471089869737,-0.19541706589907407
1782853717469232600,3.574232666015625,2.595541978624463,-0.9048942457705735,-0.17975706688724458
1782853717479216600,3.584216552734375,2.3461469465613365,-0.8981959902409463,-0.1516369608834386
1782853717489201700,3.59420166015625,2.029808960559964,-0.8998097821131348,-0.11284480034820735
1782853717499185700,3.604185546875,1.6720780569404363,-0.876990193670243,-0.0515848604824394
1782853717509170400,3.61417041015625,1.3125076629340648,-0.8257285007275641,0.019935484373942016
1782853717519155500,3.624155517578125,0.9647761752814054,-0.7874434859968722,0.06237557295747101
1782853717529139500,3.634139404296875,0.6891629983782768,-0.8782062183964997,0.07312602648735046
1782853717539124500,3.64412451171875,0.336294147837162,-0.9243129397287965,0.09397380340062081
1782853717549108500,3.6541083984375,-0.3109235597372055,-0.3155891403954476,0.37467385511398316
1782853717559093500,3.664093505859375,-0.4254080170512199,-0.09719163293596357,0.30006182785257696
1782853717569078500,3.67407861328125,-0.7244061611950398,-0.2606713360980153,0.04061119265593588
1782853717579062500,3.6840625,-0.7810638679623604,-0.4669772410843521,-0.1565714216109365
1782853717589047600,3.694047607421875,-0.9097194739699364,-0.22805070380456743,-0.2913881075315177
1782853717599031600,3.704031494140625,-0.8726309755474329,0.18869111864492297,-0.22546192942038176
1782853717609016300,3.714016357421875,-1.0096078351765871,0.4275272011622786,-0.31577436076924204
1782853717619001600,3.724001708984375,-1.0700281093478201,0.5646350667599588,-0.45555312607660886
1782853717628985300,3.7339853515625,-1.1015385153770445,0.754179514298588,-0.4873810736224055
1782853717638970600,3.743970703125,-1.307809275984764,0.8846947036329657,-0.5705038857281207
1782853717648954600,3.75395458984375,-1.5133353557050226,0.9176414991408586,-0.5762194868959486
1782853717658939600,3.763939697265625,-1.7461223673164843,0.8415414252787828,-0.5056318197797983
1782853717668924700,3.773924560546875,-1.9715128389358518,0.7360147659242152,-0.3763465375665575
1782853717678908700,3.78390869140625,-2.165945277711749,0.569057047920674,-0.2223614061217755
1782853717688893400,3.7938935546875,-2.4623849695444107,0.3297727832444012,-0.1185759644113481
1782853717698877700,3.803877685546875,-2.691565481096506,0.00792925862930715,-0.004693053187057376
1782853717708862500,3.813862548828125,-2.9544372498482465,-0.29594226370453836,0.13667773055210708
1782853717718847500,3.823847412109375,-3.2919045331180095,-0.5130028600044548,0.26126535646840926
1782853717728831500,3.83383154296875,-3.574701484045386,-0.6152503515578807,0.39525136371850966
1782853717738816500,3.84381640625,-3.8217560904622077,-0.6002609452839941,0.4563694839607924
1782853717748800500,3.853800537109375,-3.779939978995919,-0.5792148693196475,0.4886014822628349
1782853717758785500,3.86378564453125,-3.560885724660754,-0.5554646489631384,0.43450091263242063
1782853717768770600,3.8737705078125,-3.3171623084932564,-0.4217529286097735,0.3311977745462209
1782853717778754600,3.883754638671875,-3.0363427951186894,-0.11482216483578085,0.24327866807468235
1782853717788739300,3.8937392578125,-2.5999498581945897,0.2610978178817779,0.1809670271988958
1782853717798723600,3.9037236328125,-2.0930285100609063,0.48934967028163373,0.04995324069261551
1782853717808708400,3.913708251953125,-1.6182091041088102,0.4657990641504526,-0.06562208059802652
1782853717818693600,3.923693603515625,-1.2379045496314762,0.22690124150849877,0.012102087334543465
1782853717828677400,3.933677490234375,-1.0346054983109234,-0.053715698498673733,0.14222944639511406
1782853717838662700,3.94366259765625,-0.8345020281612873,-0.291663727868814,0.2623416804630309
1782853717848646700,3.953646728515625,-0.6085287882179021,-0.5545541465220972,0.3935274625353515
1782853717858631700,3.963631591796875,-0.37453064725100993,-0.6963155004814267,0.3993017350878566
1782853717868616700,3.97361669921875,-0.05007891289889812,-0.5836891651894897,0.24191081378757953
1782853717878600700,3.9836005859375,0.29408348409533497,-0.2538752827497199,0.08255684878602623
1782853717888585500,3.99358544921875,0.6235159294694662,-0.029753625489771365,-0.0470010398235172
1782853717898567400,4.0035673828125,0.935751740849018,-0.00980593922138214,-0.09622092474028468
1782853717908552400,4.013552490234375,1.1686720234513281,-0.13558672044500708,-0.08093962284773587
1782853717918536400,4.023536376953125,1.3909996003687382,-0.27698103119023143,-0.02663907366581261
1782853717928521700,4.033521728515625,1.6699913137942552,-0.3847291659865528,0.032486776780709624
1782853717938506500,4.043506591796875,2.046777046495676,-0.5541148417893796,0.13169709259532392
1782853717948490500,4.053490478515625,2.3500351861715316,-0.6896416487406939,0.2089521817114204
1782853717958475500,4.0634755859375,2.583775552985072,-0.8312242485996335,0.37363844765163956
1782853717968459500,4.07345947265625,2.661608149728179,-0.8217984678022563,0.40926958687268195
1782853717978444500,4.083444580078125,2.811560226264596,-0.6525819380212575,0.3066486588969827
1782853717988429600,4.0934296875,3.0868951707482335,-0.502476497554034,0.21986673976182936
1782853717998413600,4.10341357421875,3.308205679577589,-0.4129099526690319,0.11780176516845822
1782853718008398600,4.113398681640625,3.4334430015742776,-0.3601181275496259,0.056246934009343386
1782853718018382600,4.123382568359375,3.4878286717563864,-0.30486937426477667,0.07518303208239376
1782853718028367600,4.13336767578125,3.4470781436949967,-0.2659548294588923,0.1832622985292226
1782853718038352400,4.143352294921875,3.3036960931986568,-0.21164595084004104,0.25398908185511826
1782853718048336400,4.15333642578125,3.0483629032582042,-0.0994048154734075,0.29868776302039624
1782853718058321400,4.1633212890625,2.7720675893098115,-0.02536145494543016,0.4094749732516706
1782853718068305400,4.173305419921875,2.428437107235193,-0.0036207477804273366,0.5227005165457725
1782853718078290400,4.18329052734375,1.9451275208353995,-0.04118840802200138,0.6312760420769453
1782853718088274400,4.1932744140625,1.4877180993676185,-0.1552840121489018,0.7222723640367388
1782853718098259500,4.203259521484375,0.9857043970197439,-0.30541378333978353,0.8297748535089194
1782853718108244500,4.213244384765625,0.4074444903373718,-0.39330147175975144,0.9123993607036769
1782853718118228500,4.223228515625,-0.0071533788859844205,-0.4232246816627681,0.9822294143855571
1782853718128213500,4.233213623046875,-0.3161556151717901,-0.38303346798457205,0.9789811531793325
1782853718138197500,4.243197509765625,-0.627501784235239,-0.1941785370800644,0.9849485371511429
1782853718148182500,4.2531826171875,-1.0422107126176356,-0.02072130098938942,1.0549240637183188
1782853718158167600,4.26316748046875,-1.5249901376634836,0.03892382409088313,1.1141034709829836
1782853718168151600,4.273151611328125,-1.9304028299123048,0.035397622726112604,1.1217450717773287
1782853718178136600,4.283136474609375,-2.2947902688115835,0.04582688147760927,1.1268627801172435
1782853718188120600,4.29312060546875,-2.6616987506210803,0.10293788497038185,1.035161159432307
1782853718198105600,4.303105712890625,-2.964357755360007,0.2027149678222835,0.832589545603469
1782853718208090600,4.313090576171875,-3.179783297803998,0.3127644383635372,0.5879873738400637
1782853718218074600,4.32307470703125,-3.34701384139955,0.41721126659214497,0.32975480919629335
1782853718228059600,4.3330595703125,-3.6184909414112565,0.4094586797039956,0.1143479714527726
1782853718238043600,4.343043701171875,-3.94581209371984,0.3535179620996117,-0.06983883064338006
1782853718248028400,4.3530283203125,-4.033354183572531,0.27787907600849865,-0.22804482205305246
1782853718258013400,4.363013427734375,-3.9429929446458813,0.1958399674862623,-0.3955390946187079
1782853718267997400,4.37299755859375,-3.9230975730866193,0.16478103155158458,-0.5566659145116806
1782853718277982500,4.382982421875,-3.85097633972764,0.1761982053618878,-0.6412361489467322
1782853718287966500,4.392966552734375,-3.711170394152403,0.07810264585614204,-0.6406516270570457
1782853718297951500,4.402951416015625,-3.560609245806932,-0.07014094626195728,-0.5240551460251212
1782853718307936500,4.4129365234375,-3.347827495869994,-0.14898885752744973,-0.3433621865272522
1782853718317920500,4.42292041015625,-2.9727228481233117,-0.056934185621142386,-0.26571952286567535
1782853718327905500,4.432905517578125,-2.5340344937384125,0.1636252856452018,-0.38618981312364337
1782853718337889500,4.4428896484375,-2.062545693513751,0.4629189786694944,-0.6331974385935812
1782853718347874600,4.45287451171875,-1.5264052651584148,0.7139906387079507,-0.8518965228155255
1782853718357859600,4.462859619140625,-1.00372754496634,0.8512365245368331,-0.9829293793484568
1782853718367843600,4.472843505859375,-0.644521892619133,0.9035364014208316,-1.0405170604422689
1782853718377825300,4.4828251953125,-0.37628012126684185,0.8457358082287013,-0.9959537691596895
1782853718387809300,4.492809326171875,-0.1178711771428585,0.7568347049824893,-0.989763828478381
1782853718397794300,4.502794189453125,0.19068331537544725,0.7049339834839106,-1.0712918456733227
1782853718407778300,4.5127783203125,0.5567220286130905,0.609869973693788,-1.1697201442647724
1782853718417763300,4.522763427734375,0.9214426449894905,0.5531923201169818,-1.2563703267790376
1782853718427748000,4.532748046875,1.2729665106624364,0.5375614741344005,-1.2150311121094972
1782853718437732000,4.542732177734375,1.585380016696453,0.4847364043325185,-1.1343903991430997
1782853718447717000,4.552717041015625,1.8402210392057894,0.35500578950457273,-1.0382967540442942
1782853718457701000,4.562701171875,2.117361571806669,0.2967256691671908,-0.922430925374478
1782853718467686100,4.57268603515625,2.2946312788575884,0.2801226171515882,-0.7358407245315611
1782853718477671400,4.58267138671875,2.3242723838835952,0.2227373267620802,-0.6047344374362379
1782853718487655200,4.5926552734375,2.3535545924693344,0.109909915940091,-0.480406485369429
1782853718497640400,4.602640380859375,2.391258007919788,-0.02954100565239787,-0.3812247380621731
1782853718507624400,4.61262451171875,2.439496845909953,-0.12728278328441084,-0.2411943360812962
1782853718517609500,4.622609375,2.4323458051115274,-0.12535817189738155,-0.1676204927612096
1782853718527595300,4.63259521484375,2.3671470644921064,-0.015969722548127174,-0.16696341709196566
1782853718537579300,4.642579345703125,2.386226443493366,0.11828275361843406,-0.17704188964441417
1782853718547564300,4.652564208984375,2.581332251486182,0.13687544508129357,-0.28361732739955187
1782853718557548300,4.66254833984375,2.572889417311549,0.08028057441711425,-0.42321079926788807
1782853718567533300,4.672533203125,2.4663649790912867,0.04888137367740273,-0.44972646574974057
1782853718577518300,4.682518310546875,2.373356440526247,-0.03537088084965944,-0.3892321399616077
1782853718587502300,4.69250244140625,2.2427041077435015,-0.23039675547406077,-0.2539764781018719
1782853718597487000,4.702487060546875,2.154587432873249,-0.4164104716032743,-0.21165062701515852
1782853718607471000,4.71247119140625,2.13343592377305,-0.4830436289399862,-0.17185155445970593
1782853718617456000,4.7224560546875,2.038167623582482,-0.505254291704297,-0.14258845243323592
1782853718627441200,4.732441162109375,1.8404636157900094,-0.4906970663025975,-0.17634166895318776
1782853718637425200,4.742425048828125,1.6693582765877246,-0.5294241257123649,-0.2108328443588689
1782853718647410400,4.752410400390625,1.5046926150441169,-0.6271304667048155,-0.23233510312549768
1782853718657394200,4.762394287109375,1.2831301772803068,-0.7678893290907144,-0.19576102049853653
1782853718667379500,4.77237939453125,1.0132032293200492,-0.7682377041369676,-0.1959512823736295
1782853718677364200,4.7823642578125,0.763298494169116,-0.6166014739058912,-0.25373514362666755
1782853718687348500,4.792348388671875,0.5325882888317108,-0.505316689416021,-0.3128026880146935
1782853718697333200,4.802333251953125,0.3299123378455639,-0.5289034628391266,-0.2600671231271699
1782853718707317200,4.812317138671875,0.17187457000911235,-0.6182536250270902,-0.21432207471411674
1782853718717302300,4.82230224609375,0.07266074706315993,-0.739650930469483,-0.08688607362937181
1782853718727287300,4.832287353515625,-0.17270634465813636,-0.8278558681450784,0.057740588366892186
1782853718737271300,4.842271240234375,-0.5122884281247854,-0.7912823335073887,0.23039184183692557
1782853718747256300,4.85225634765625,-0.9205658621549606,-0.680673840843886,0.5233214979883283
1782853718757240300,4.862240234375,-1.455609142923355,-0.6244773218475281,0.6147762312401086
1782853718767225300,4.872225341796875,-1.8063263683885336,-0.5084850903190672,0.40956977539565415
1782853718777209300,4.882209228515625,-2.042366244316101,-0.23860972641557454,0.09591251637823879
1782853718787194400,4.8921943359375,-2.3650334333389997,0.04988645906671881,-0.1792994958454743
1782853718797179100,4.90217919921875,-2.649571090453863,0.3406565808303654,-0.3296205152921378
1782853718807163100,4.9121630859375,-2.8798925887346267,0.4206795272246003,-0.32999793376978487
1782853718817148200,4.922148193359375,-3.067595426994562,0.3118208008378744,-0.2736371275898069
1782853718827132200,4.932132080078125,-3.457136011850834,0.13559388083815574,-0.20878679854925722
1782853718837117200,4.9421171875,-3.8257004441738127,-0.05856412491053342,-0.10449702404588461
1782853718847102200,4.952102294921875,-3.9761365048348902,-0.24816636705100534,0.006600786504521966
1782853718857086200,4.962086181640625,-3.892946764972806,-0.31062823005244133,0.07482318579405546
1782853718867071500,4.972071533203125,-3.69235697261095,-0.16924670572355388,0.07615384987592697
1782853718877055200,4.98205517578125,-3.327601284921169,0.08016308551728725,0.046049328589253126
1782853718887040300,4.992040283203125,-2.8925188460737465,0.3053292468614876,0.052294031665101645
1782853718897025300,5.002025390625,-2.300643671014905,0.44737449579611416,0.07363704474940895
1782853718907009300,5.01200927734375,-1.5951690047830343,0.5517502315498888,0.12018909869641065
1782853718916994300,5.021994384765625,-0.9692039285957813,0.7203872078772634,0.16197518035061656
1782853718926978300,5.031978271484375,-0.5811562126457691,0.9048656772632151,0.13227386956997214
1782853718936963300,5.04196337890625,-0.416802685791254,0.8839341675892471,0.04673661673367023
1782853718946947300,5.051947265625,-0.1045382328391075,0.7878760321952402,-0.07198379764966666
1782853718956932400,5.061932373046875,0.2722761414349079,0.6819567202612757,-0.09208981628492474
1782853718966917400,5.07191748046875,0.48240533103644845,0.5574220666412264,-0.049886678262427445
1782853718976901400,5.0819013671875,0.5323340218096971,0.4425605927083641,0.03315912308432162
1782853718986886100,5.09188623046875,0.565628388646245,0.42101270470172164,0.042113413912430404
1782853718996870400,5.101870361328125,0.7133224571228027,0.5206514750614762,-0.06660575787313282
1782853719006855200,5.111855224609375,0.8908113598823547,0.6343249082535505,-0.17778686279281972
1782853719016840200,5.121840087890625,0.9999106170266866,0.6520454199917614,-0.16699910945985466
1782853719026824200,5.13182421875,1.091117659127712,0.5256131891220808,-0.1411339427759871
1782853719036809200,5.141809326171875,1.2146581140786408,0.4472255888447165,-0.16089841796457766
1782853719046793200,5.151793212890625,1.3506155675321816,0.4169876869693398,-0.14001235486753283
1782853719056778200,5.1617783203125,1.4596926128447054,0.3991235289767384,-0.09497370115816593
1782853719066763300,5.17176318359375,1.5081974082946776,0.33129619341939687,-0.06004049933971837
1782853719076747300,5.181747314453125,1.580297598865628,0.24942323524430393,-0.05633578133657574
1782853719086732300,5.191732177734375,1.8004624447911977,0.2710946765653789,0.014004559955000877
1782853719096716300,5.20171630859375,1.9969535696625709,0.2782669062823057,0.11267360849976539
1782853719106701300,5.211701416015625,2.194522552898526,0.19836013361364602,0.1700516654308885
1782853719116686300,5.221686279296875,2.405208207339048,0.09202040431052445,0.16241159900650382
1782853719126670300,5.23167041015625,2.582630474603176,0.0011246201157569884,0.15627108695749192
1782853719136655400,5.2416552734375,2.719229148569703,-0.031793606884777545,0.18025865973383187
1782853719146639400,5.251639404296875,2.801249844652414,0.01442746154218912,0.13819219023566692
1782853719156624400,5.261624267578125,2.9688761095672844,0.07881473964825272,0.036307650243118404
1782853719166608400,5.2716083984375,3.0124814425379034,0.0341973070256412,-0.05325107666160911
1782853719176593400,5.281593505859375,2.9446991151660677,-0.06734715082496404,-0.13207922378070652
1782853719186578200,5.291578125,2.746288420408964,-0.16731106148585675,-0.12620353668034076
1782853719196562200,5.301562255859375,2.3873113161206243,-0.2863429529711604,-0.026521767429076134
1782853719206547200,5.311547119140625,1.9506623586088419,-0.40560529221147296,0.0914617475144565
1782853719216531200,5.32153125,1.5147265178024767,-0.4757562484107911,0.23447638947051017
1782853719226516200,5.33151611328125,1.12493458853364,-0.4117090159140527,0.2000197191226296
1782853719236501200,5.341501220703125,0.9376403310745954,-0.28047113832831383,0.12879523367397486
1782853719246485200,5.3514853515625,0.6153910752028227,-0.22146306904256344,0.16018683562912045
1782853719256470300,5.36147021484375,0.01614624815881252,-0.21893559639155863,0.19191561538306995
1782853719266454300,5.371454345703125,-0.5281909306555986,-0.2511848380893469,0.32926282442826776
1782853719276439300,5.381439208984375,-0.9700140759348869,-0.32261319381333886,0.49579563155062495
1782853719286423300,5.39142333984375,-1.333873107045889,-0.32787118740677834,0.48978747717700893
1782853719296408000,5.401407958984375,-1.634703727313876,-0.23983956047147512,0.3828032028926536
1782853719306393300,5.411393310546875,-1.9269068044900892,-0.12458448411114513,0.2524740924485959
1782853719316377000,5.421377197265625,-2.171342752841115,-0.08905359039418399,0.1335049092022702
1782853719326362400,5.4313623046875,-2.385706803533435,-0.11116634574197232,0.07144860849415417
1782853719336346400,5.441346435546875,-2.658338334277272,-0.0545228866957128,0.06312082923366688
1782853719346331400,5.451331298828125,-2.798426603925228,0.11748919208794832,0.0686003018243704
1782853719356316400,5.46131640625,-2.721870018467307,0.3602518003992736,-0.09198544259499758
1782853719366300400,5.471300537109375,-2.5491864701628684,0.5321083963602781,-0.19796148968487975
1782853719376285200,5.48128515625,-2.565233934122324,0.5455456778213381,-0.16673048511892558
1782853719386269200,5.491269287109375,-2.6295798573046922,0.3902301014903933,-0.12962476156698538
1782853719396254000,5.50125390625,-2.648824656000733,0.21112068485692143,-0.1480127973032184
1782853719406239000,5.511239013671875,-2.7782781343877314,0.13698270484805106,-0.18889557344214988
1782853719416223000,5.521222900390625,-3.0615012017726895,0.13864764238558708,-0.20985461044386028
1782853719426208000,5.5312080078125,-3.2058529740840194,0.037246903854608535,-0.2634264434924349
1782853719436192000,5.54119189453125,-3.1800708825737236,-0.12955467373915017,-0.3769259448897093
1782853719446177000,5.551177001953125,-3.032249972847104,-0.2083897255230695,-0.38303072803821414
1782853719456161000,5.5611611328125,-2.821523986396193,-0.1457126488683745,-0.28850604928918183
1782853719466146000,5.57114599609375,-2.5719284633249044,-0.0422632707118988,-0.24931124450350178
1782853719476131000,5.581131103515625,-2.123337139084935,0.09624185793045907,-0.2720083390778862
1782853719486115000,5.591114990234375,-1.6367027921766042,0.18887557183373718,-0.2797293800503015
1782853719496099800,5.601099853515625,-1.3116069147020577,0.32765363566596056,-0.3896929989390075
1782853719506083800,5.611083740234375,-0.9825286895930766,0.44514191443845624,-0.5285052573017776
1782853719516068900,5.62106884765625,-0.6200912157177925,0.4757343288399279,-0.6480681869238615
1782853719526054000,5.631053955078125,-0.3068447659909725,0.3526286851096898,-0.7728855299428105
1782853719536038000,5.641037841796875,-0.04547697206139564,0.14196051152693107,-0.7779672171212733
1782853719546023000,5.65102294921875,0.1994821233808994,-0.05090533551936969,-0.6983829544052481
1782853719556007000,5.6610068359375,0.5191746805071831,-0.21071309043671935,-0.5967018645629286
1782853719565992000,5.670991943359375,0.8517787416547536,-0.31631255929917096,-0.5196961470980197
1782853719575977000,5.68097705078125,1.1670353621602059,-0.28827680711057035,-0.4731887360103428
1782853719585961000,5.6909609375,1.5144512079924344,-0.13547102164346725,-0.4530460386265069
1782853719595946000,5.700946044921875,1.887552114701271,-0.023845460891909896,-0.3989775081021711
1782853719605930000,5.710929931640625,2.1077596307247877,-0.027585597268305718,-0.27630161582501606
1782853719615915000,5.7209150390625,2.190298213201761,-0.03930628406982869,-0.1460325650051236
1782853719625899000,5.73089892578125,2.3451953449249268,-0.052307804462127384,-0.10175643836716189
1782853719635884000,5.740884033203125,2.476729721239209,-0.1411617806309834,-0.12009217766057699
1782853719645869000,5.750869140625,2.6274907760709523,-0.2843522906105965,-0.12466025276109576
1782853719655853000,5.76085302734375,2.7140081990510225,-0.46592616112884133,-0.07910166683085262
1782853719665838000,5.770838134765625,2.6664783861130474,-0.6914777050614357,-0.060378773117065423
1782853719675822000,5.780822021484375,2.57816589640975,-0.9285164558332413,-0.04238634910229593
1782853719685807000,5.79080712890625,2.486819738098979,-1.136161792729795,-0.04009915148057043
1782853719695791900,5.8007919921875,2.44575064560771,-1.2819625948056579,-0.028156163697876036
1782853719705775900,5.81077587890625,2.3232412872701884,-1.3801307080909608,0.00820084211230278
1782853719715761000,5.820760986328125,2.100246770876646,-1.400071380096674,0.019873378923162818
1782853719725745000,5.830744873046875,1.902988753286004,-1.3616482720695435,-0.002603387431427836
1782853719735730000,5.84072998046875,1.6968763981103896,-1.3237066639490425,-0.07916136112883687
1782853719745714000,5.8507138671875,1.5433119762957095,-1.2705752316117287,-0.15227142286207526
1782853719755699000,5.860698974609375,1.324556997168064,-1.1436174424979835,-0.20937990560419856
1782853719765684000,5.87068408203125,1.1221622012108563,-0.951029974001646,-0.2366847131697461
1782853719775668000,5.88066796875,0.9865309109717607,-0.7828888914324342,-0.2215858551720157
1782853719785653000,5.890653076171875,0.8607909001499414,-0.6617344548352062,-0.20852979158088564
1782853719795637000,5.900636962890625,0.7583890948176384,-0.6511312277562916,-0.1867795494025573
1782853719805622000,5.9106220703125,0.5532295103222131,-0.7332007314167917,-0.13531155676543713
1782853719815607000,5.92060693359375,0.28385552006959913,-0.8263823615264148,-0.08467493691854179
1782853719825591000,5.930591064453125,0.06441080511212348,-0.8390138064973056,-0.12908490080293267
1782853719835576000,5.940576171875,-0.06301905849277972,-0.8249148462571203,-0.18319314228314906
1782853719845560000,5.95056005859375,-0.2260784538835287,-0.7686446775026619,-0.2645112795870751
1782853719855545000,5.960545166015625,-0.2722223654210567,-0.7437827695772051,-0.31350331056471914
1782853719865529000,5.970529052734375,-0.19058219308853147,-0.7120709957569837,-0.2535276383558288
1782853719875514000,5.98051416015625,-0.2585655959904194,-0.7273816698744893,-0.11933113016020507
1782853719885499000,5.990498779296875,-0.5521814625740051,-0.6857938872713595,-0.07901018915511668
1782853719895483100,6.000483154296875,-0.7890373310595751,-0.6540484303772449,-0.05042743407562375
1782853719905468000,6.010468017578125,-1.1353004997253417,-0.6549864418797194,0.03285122617892921
1782853719915452000,6.020451904296875,-1.7034207051873207,-0.6862233647298067,0.09185381557196379
1782853719925437000,6.03043701171875,-2.2008932569742203,-0.687544603396207,0.05941960922870785
1782853719935422000,6.040421875,-2.5647908665299415,-0.5682093450501561,-0.057934667900577184
1782853719945406000,6.050406005859375,-2.9591736307203766,-0.38613238384798165,-0.12545655423793942
1782853719955391000,6.060390869140625,-3.2990684333980083,-0.2968158316686749,-0.08505900433268397
1782853719965375000,6.070375,-3.2895039017170666,-0.3424490902703255,-0.12527363541908562
1782853719975360000,6.080360107421875,-3.0670892310380933,-0.3538707941252738,-0.21426822563502937
1782853719985344000,6.090343994140625,-3.0315649131923914,-0.1679932715963572,-0.32004316066224126
1782853719995329000,6.1003291015625,-3.0485037730336186,0.02241166522912681,-0.3460197152987122
1782853720005313800,6.110313720703125,-2.855004815715551,0.011095540640503167,-0.18115016521345823
1782853720015297800,6.1202978515625,-2.656683552807569,-0.1464483792643994,0.06848433816134929
1782853720025283000,6.130282958984375,-2.5497365052610634,-0.3426541843883693,0.28985644098483027
1782853720035266800,6.140266845703125,-2.3265157788962125,-0.35728242919966574,0.3875537218879908
1782853720045252000,6.150252197265625,-1.8444938942193985,-0.18855291575063018,0.4055240436688065
1782853720055237000,6.160237060546875,-1.3124194001287222,0.039173634133487935,0.3802726980343461
1782853720065221000,6.17022119140625,-0.8651467572718858,0.21757292973622677,0.2942537260957062
1782853720075206100,6.1802060546875,-0.598996989762783,0.29956155018024144,0.2757739204227924
1782853720085190100,6.190190185546875,-0.5245072737067937,0.27318061599396165,0.35537637638263403
1782853720095175000,6.2001748046875,-0.5506184510409832,0.20497538703493773,0.37081045768409965
1782853720105159200,6.2101591796875,-0.687144644293189,0.13561492362618446,0.3449588080689311
1782853720115144000,6.22014404296875,-0.9193915576785803,0.0004193944558501243,0.31616767093576487
1782853720125129000,6.23012890625,-0.9920908831864594,-0.1606529187709093,0.2938053978063166
1782853720135113000,6.240113037109375,-0.8754998089820146,-0.25238413087651135,0.2144222836855799
1782853720145098000,6.250097900390625,-0.7276642862081527,-0.25910730165168644,0.11080335764847696
1782853720155082000,6.26008203125,-0.48811260276734825,-0.12577720102705062,0.03049538376778364
1782853720165067000,6.27006689453125,-0.145442490157485,0.08210435577817261,-0.04182115296758711
1782853720175052000,6.280052001953125,0.22949089267551898,0.2006729406006634,-0.06849062177166343
1782853720185036000,6.2900361328125,0.5738917746007443,0.23107911171503365,-0.030781141906604168
1782853720195020800,6.300020751953125,0.8487778062731027,0.22317608350552617,0.03756009798962623
1782853720205005000,6.310005126953125,1.0523580126225949,0.27623620417229827,0.012337941917032002
1782853720214989800,6.31998974609375,1.3654220915198325,0.2213177422877401,0.005761449603550136
1782853720224973800,6.329973876953125,1.7096663215786219,0.05231098279990255,0.13733301612306387
1782853720234958800,6.339958740234375,1.8606465721189975,-0.1547121305450797,0.37057675852607935
1782853720244944100,6.349944091796875,2.0445529407054184,-0.2948219544377178,0.5063583439560607
1782853720254928000,6.359927978515625,2.379400396865606,-0.27575528878755867,0.5037738804208114
1782853720264913200,6.3699130859375,2.7272417746335265,-0.16058489503599702,0.44847803659122437
1782853720274897200,6.379897216796875,2.9600948372185227,-0.016502295054867864,0.37197175654843445
1782853720284882200,6.389882080078125,3.147928608381748,0.06803352565392852,0.2675667947001755
1782853720294867000,6.399866943359375,3.231163940951228,0.09266710471622645,0.13667338317055255
1782853720304851000,6.409850830078125,3.1899317668527365,0.06320420580133795,0.07102653345745057
1782853720314836000,6.4198359375,3.073664517775178,-0.05581489926762879,0.06338924351204187
1782853720324820000,6.429820068359375,2.8856653269171715,-0.22342114430777726,0.07010039505586027
1782853720334805000,6.439804931640625,2.687552153801918,-0.3431745550006628,0.14695442909039555
1782853720344789000,6.4497890625,2.4311866982042787,-0.33461350127384065,0.2592771783258766
1782853720354774000,6.45977392578125,2.1722481772482394,-0.2534182962298393,0.3035346550622955
1782853720364759000,6.469759033203125,2.0182231521844862,-0.15785378957167268,0.3093309933161363
1782853720374743600,6.47974365234375,1.851227001866698,0.005705225904285908,0.3486929165633395
1782853720384728300,6.489728271484375,1.5935083780944346,0.18872867417633532,0.4116081858880818
1782853720394712600,6.499712646484375,1.170239126637578,0.30048502170071006,0.47003297539316113
1782853720404697300,6.509697265625,0.5492676209539175,0.337028891852498,0.5263324798399582
1782853720414682400,6.519682373046875,-0.05302431870102882,0.22697540272325276,0.6138387311942876
1782853720424666400,6.529666259765625,-0.4948199914515018,0.05941869591325521,0.7370074302233756
1782853720434651400,6.5396513671875,-0.7993512198030949,-0.04434811416193843,0.869024256292358
1782853720444635400,6.549635498046875,-1.0460393309950828,0.014993278731405733,1.0139110853284596
1782853720454620700,6.55962060546875,-1.3096078498393295,0.2350450196713209,1.0722204317603259
1782853720464604400,6.5696044921875,-1.507816300022602,0.4459158214204013,1.0185676058974116
1782853720474589700,6.579589599609375,-1.7642863850384949,0.598786269621551,0.8958850098848342
1782853720484574500,6.589574462890625,-2.0239508821815253,0.7266979253940283,0.7170265723377466
1782853720494558500,6.599558349609375,-2.214133262297511,0.8407632805131375,0.39197979470193384
1782853720504543500,6.60954345703125,-2.4082290164649485,0.9910434199601411,0.06485084049720317
1782853720514527500,6.619527587890625,-2.5814164226382967,1.1024736042700707,-0.12097312521357088
1782853720524512500,6.629512451171875,-2.713986571741104,1.0521610287457703,-0.1555310457125306
1782853720534496500,6.63949658203125,-2.8227397919267414,0.8627712603121995,-0.10116122155352494
1782853720544481500,6.6494814453125,-2.9521015003770588,0.7007439844481647,-0.11138506652656942
1782853720554466600,6.659466552734375,-3.1081852115362882,0.6821202402599156,-0.17316892066858708
1782853720564450600,6.669450439453125,-3.364418565186858,0.6513465510074049,-0.15688025009809062
1782853720574435600,6.679435546875,-3.5892286065697667,0.4934785137146711,-0.16100827154722064
1782853720584419600,6.689419677734375,-3.7061861759990453,0.2899189848270267,-0.20146222781483084
1782853720594404400,6.699404296875,-3.607628771135211,0.1949285517297685,-0.13597630428448318
1782853720604389400,6.709389404296875,-3.3149136527836323,0.21515731996186077,0.027416862238431348
1782853720614373400,6.719373291015625,-2.9940158115208146,0.22977022107355297,0.1011876437695697
1782853720624358400,6.7293583984375,-2.6003262902915476,0.37199601420685646,0.0281360159589909
1782853720634342400,6.73934228515625,-2.1107383542746305,0.6929900093205272,-0.17039834171039983
1782853720644327400,6.749327392578125,-1.6145236935943363,1.0103118917927145,-0.3895005451068282
1782853720654311400,6.7593115234375,-1.2721230455756187,1.1452622140303252,-0.4996771126264706
1782853720664296400,6.76929638671875,-1.0896195295244455,1.113632565535605,-0.6327462607599794
1782853720674281500,6.779281494140625,-0.9771423203796148,0.9843111890956759,-0.8694071181301027
1782853720684265500,6.789265380859375,-0.6952215677648782,0.8569548291184007,-1.0652565110318362
1782853720694250500,6.79925048828125,-0.3044651773780584,0.7663722025260329,-1.0834130760997533
1782853720704234500,6.809234375,0.1137362692952156,0.7438983587808906,-1.0467628229640424
1782853720714219500,6.819219482421875,0.5180319402128458,0.7072713403902947,-0.999599870577082
1782853720724204500,6.82920458984375,0.8664829743117094,0.6029003538768738,-0.909748480868712
1782853720734188500,6.8391884765625,1.1733224796056747,0.40312030699532475,-0.6734288381516933
1782853720744173600,6.849173583984375,1.327863637498021,0.11061674903519451,-0.3555533403847366
1782853720754157600,6.859157470703125,1.526852424404025,-0.1873764193171635,-0.06719334850274027
1782853720764142600,6.869142578125,1.8527777384400366,-0.3693059348726645,0.10293525462187826
1782853720774126600,6.879126708984375,2.181771792396903,-0.44214923542849716,0.17592333394326268
1782853720784111600,6.889111572265625,2.436497664093971,-0.5020087704444304,0.1732265326073393
1782853720794096400,6.899096435546875,2.674392812499404,-0.5531447546482086,0.12412206336432136
1782853720804080400,6.909080322265625,2.8458985491961237,-0.6302159385647624,0.07607026781227905
1782853720814065400,6.9190654296875,2.831920292726159,-0.7481035553857683,0.0713763424089644
1782853720824049400,6.92904931640625,2.761471376493573,-0.9157387342594563,0.08710698637105524
1782853720834034400,6.939034423828125,2.792690106099844,-1.1039922652047127,0.07361947256010025
1782853720844018400,6.949018310546875,2.8526737424194812,-1.196368862541765,0.09846846620505675
1782853720854003500,6.95900341796875,2.768443553593755,-1.1951432662695645,0.17962733956035226
1782853720863988500,6.968988525390625,2.6011995659947393,-1.1772558735318481,0.2487240922653116
1782853720873972500,6.978972412109375,2.4017671269744634,-1.2196947200063615,0.22049228778164834
1782853720883957500,6.98895751953125,2.3226105881512162,-1.218509236548841,0.11252550526596605
1782853720893941500,6.99894140625,2.205361926820874,-1.2429299765780568,0.06050635871922131
1782853720903926300,7.00892626953125,1.9924854843378066,-1.2417533340141176,0.0030457152382936327
1782853720913911600,7.01891162109375,1.7566127816706896,-1.2651052757680414,-0.08723183659343048
1782853720923895600,7.0288955078125,1.5423293949991463,-1.3130857550829649,-0.06736884206696413
1782853720933880600,7.038880615234375,1.3390356043756007,-1.3150462415009736,0.03665127148244064
1782853720943864600,7.048864501953125,1.1034966637074948,-1.1684585998963564,0.12123703684676437
1782853720953849600,7.058849609375,0.9068085549592971,-0.9651051149748265,0.26611356368456035
1782853720963833600,7.06883349609375,0.6032973173052072,-0.7731574787519871,0.25723617401756343
1782853720973818600,7.078818603515625,0.2979132715165615,-0.6372072587568313,0.12436511487257666
1782853720983803400,7.088803466796875,0.05361877746284008,-0.59594403193295,-0.024156234740978104
1782853720993787600,7.09878759765625,-0.1986672998666763,-0.7198312544949352,-0.15717959837084636
1782853721003772400,7.1087724609375,-0.46654140695035456,-0.8458212945550679,-0.15204607140729204
1782853721013756400,7.11875634765625,-0.8557149120599031,-0.9107491823438555,0.08008424812741577
1782853721023741400,7.128741455078125,-1.2006804421305655,-0.9096401251234114,0.37273832047414035
1782853721033725400,7.138725341796875,-1.3918325440615416,-0.9563655628759413,0.5814333856193349
1782853721043710500,7.14871044921875,-1.561627385187149,-0.9547456335239112,0.8078658771049231
1782853721053695500,7.158695556640625,-1.8346067064553497,-0.6609402357175946,0.8147126011945307
1782853721063679500,7.168679443359375,-2.2082067948579787,-0.21960421636812388,0.5808834966516122
1782853721073664500,7.17866455078125,-2.3749054235339164,0.06583616174012422,0.21499336157180368
1782853721083648500,7.1886484375,-2.3552198953330516,0.049532969453930854,0.010197093963436783
1782853721093633500,7.198633544921875,-2.531712188270688,-0.05829385660178959,0.0264094661610201
1782853721103617500,7.208617431640625,-2.9000737914979458,-0.05658361861780285,0.12039707889128476
1782853721113602300,7.218602294921875,-3.189305159386992,-0.11618132435977459,0.33017683400064707
1782853721123587300,7.22858740234375,-3.367391443517804,-0.2536618957273662,0.4763434006489813
1782853721133571300,7.2385712890625,-3.6111288882106543,-0.2991743774935603,0.6078774116370826
1782853721143556600,7.248556640625,-3.5581811418771743,-0.17404928369969128,0.5661053585082292
1782853721153540400,7.258540283203125,-3.1950866653978824,0.008394757249206304,0.4740651535186916
1782853721163525600,7.268525634765625,-2.733625338190794,0.19265578449219464,0.41926717620864506
1782853721173510700,7.2785107421875,-2.195102983134985,0.34742125265970825,0.4875370679017156
1782853721183494700,7.28849462890625,-1.7065893983513116,0.488410562800616,0.5602039889773354
1782853721193479400,7.2984794921875,-1.476631472685933,0.6122914286870509,0.5302225095484405
1782853721203463700,7.308463623046875,-1.4440548987299202,0.5576673466391862,0.48228386008124796
1782853721213448400,7.318448486328125,-1.3561159185141325,0.39396877656206486,0.4038839848442003
1782853721223432400,7.328432373046875,-1.1900374675631522,0.2084884366571903,0.5119779008708893
1782853721233417500,7.33841748046875,-1.0958078627705574,0.17840112223364413,0.7061962585046887
1782853721243402500,7.348402587890625,-0.9769581959843635,0.2649783856421709,0.8234793335612863
1782853721253386500,7.358386474609375,-0.5873328554540872,0.49053091595545406,0.7087501807712018
1782853721263371500,7.36837158203125,-0.016529109996557236,0.7467365778815,0.39050069859270004
1782853721273355500,7.37835546875,0.4542015653371811,0.7894619131471962,0.12019459685543551
1782853721283340500,7.388340576171875,0.7826625353306531,0.6948398019056767,0.0175830212299712
1782853721293325300,7.3983251953125,1.0689227784544229,0.612986352148652,0.009056819620821624
1782853721303309600,7.4083095703125,1.3054811252981424,0.5341514464952052,0.017200944843515753
1782853721313294300,7.41829443359375,1.3790005350172518,0.4044274806037545,-0.06254205209817737
1782853721323278300,7.4282783203125,1.3705284747481346,0.1013578492373228,0.07789398980783298
1782853721333263400,7.438263427734375,1.3886188427120447,-0.2440925417408347,0.2873535182531923
1782853721343247400,7.448247314453125,1.4665408713042736,-0.36454496754854915,0.420938653084822
1782853721353232400,7.458232421875,1.67561441437304,-0.23571853501871226,0.486741131751053
1782853721363217700,7.4682177734375,1.9984318255215883,-0.009304711700975894,0.5547455774409696
1782853721373201400,7.478201416015625,2.322935582321882,0.15224720173627138,0.5935283856259659
1782853721383186000,7.48818603515625,2.4869758054435254,0.3068218235068023,0.5052225813917816
1782853721393170000,7.498169921875,2.547104403191805,0.4377500506214797,0.2837702529389411
1782853721403155200,7.5081552734375,2.6546038239240644,0.4226993426144123,0.050389243789971803
1782853721413139000,7.518138916015625,2.7604759357154367,0.2613226396135986,-0.07942843283349647
1782853721423124000,7.5281240234375,2.776679467019439,0.05315744356140494,-0.12499666337491944
1782853721433109000,7.53810888671875,2.710918416342139,-0.10363587717190384,-0.0007474824826116674
1782853721443093000,7.548093017578125,2.5923253546655176,-0.185368550093472,0.21280423576338214
1782853721453078000,7.558078125,2.474011109930277,-0.21005977762714026,0.36009759621825066
1782853721463062000,7.56806201171875,2.3372511079221963,-0.14854484008699656,0.38300990444589406
1782853721473047000,7.578047119140625,2.185584044161439,-0.08704670755118131,0.33134953104183074
1782853721483031000,7.588031005859375,1.9694863015443085,-0.09819587807506322,0.2762212257988751
1782853721493016000,7.59801611328125,1.7202040822058915,-0.12329495575726032,0.20693875952977686
1782853721503001000,7.6080009765625,1.33476625649333,-0.05110226459726691,0.1628732617015019
1782853721512985000,7.617985107421875,0.8793243357062339,-0.014791618679463863,0.11535028036311268
1782853721522969900,7.627969970703125,0.5317284571319818,-0.09069967710077761,0.23494353205822407
1782853721532953900,7.637953857421875,0.15079963327646254,-0.17394903819561003,0.4837112260032445
1782853721542939000,7.64793896484375,-0.20674305429458617,-0.10660875550284982,0.6336071153730154
1782853721552924000,7.657923828125,-0.3848088801592588,0.07746902412772178,0.6523042170584201
1782853721562908000,7.667907958984375,-0.47005730611681934,0.19029490057975051,0.5178661551918834
1782853721572893000,7.677892822265625,-0.6723708535313606,0.2040719353891909,0.2666911991757341
1782853721582877000,7.687876953125,-0.9844301393002272,0.24866788683235644,0.027440489709191024
1782853721592862000,7.697862060546875,-1.287141166487336,0.2562332075200975,-0.09223604722204617
1782853721602846000,7.707845947265625,-1.5503244854062794,0.21146336081475017,-0.24406737076696006
1782853721612831000,7.7178310546875,-1.9780565614908932,0.1144984858393669,-0.4094793571658432
1782853721622816000,7.72781591796875,-2.374454757156968,0.18361001598834992,-0.7063361053667963
1782853721632799700,7.7377998046875,-2.5184043784081935,0.3480160036824643,-0.8289057425241917
1782853721642785000,7.747784912109375,-2.5854846949905155,0.38013840413019057,-0.8378406710647046
1782853721652769000,7.75776904296875,-2.631687643238902,0.3087014997735619,-0.7162813799936324
1782853721662754000,7.767754150390625,-2.6982395520329474,0.18000278527662156,-0.5075925253935158
1782853721672738000,7.777738037109375,-2.578646373403072,0.23772549092695117,-0.5311257419984787
1782853721682723000,7.78772314453125,-2.323596676579118,0.4286559859964996,-0.7267234251614659
1782853721692708000,7.7977080078125,-2.1445009231448173,0.39171595613397653,-0.837432528655231
1782853721702692000,7.807692138671875,-1.9330857853859662,0.1280056176662445,-0.7651386421430856
1782853721712677000,7.817677001953125,-2.025883311548829,-0.14199724507443606,-0.5773277403987944
1782853721722661000,7.8276611328125,-2.422532851627469,-0.2724821854010224,-0.30721502407547086
1782853721732646000,7.83764599609375,-1.9712106411188839,-0.32919264526888725,-0.20212960568238048
1782853721742630000,7.8476298828125,-1.6427017403304576,-0.2696642053708434,-0.29077983944006264
